institution#location#enrollment#athletic nickname#school colors#founded
ateneo de davao university#davao city , davao del sur#13676#blue knights#blue & white#1948
ateneo de manila university#quezon city , metro manila#11465#blue eagles#blue & white#1859
ateneo de naga university#naga , camarines sur#8000 approx#golden knights#blue & gold#1940
ateneo de zamboanga university#zamboanga city#9000 approx#blue eagles#blue & white#1912
xavier university ateneo de cagayan#cagayan de oro , misamis oriental#14564#blue crusaders#blue & white#1933
