#sanskrit#malayalam name മലയാളം#tamil name தமிழ்#telugu name తెలుగు#kannada name ಕನ್ನಡ#western star name
1#aśvinī अश्विनी#ashvati അശ്വതി#aswini அஸ்வினி#aśvinī అశ్విని#aśvinī ಅಶ್ವಿನಿ#β and γ arietis
2#bharaṇī भरणी#bharaṇi ഭരണി#baraṇi பரணி#bharaṇi భరణి#bharaṇi ಭರಣಿ#35 , 39 , and 41 arietis
3#kṛttikā कृत्तिका#kārttika കാർത്തിക#kārthikai கார்த்திகை#kṛttika కృత్తిక#kruthike ಕೃತಿಕೆ#pleiades
4#rohiṇī रोहिणी#rōhiṇi രോഹിണി#rōhiṇi ரோகிணி#rōhiṇi రోహిణి#rōhiṇi ರೋಹಿಣಿ#aldebaran
5#mṛgaśiras म्रृगशीर्षा#makayiram മകയിരം#mirugasīridam மிருகசீரிடம்#mṛgaśira మృగశిర#mṛgaśira ಮೃಗಶಿರ#λ , φ orionis
6#ārdrā आद्रा#ātira or tiruvātira ആതിര (തിരുവാതിര)#thiruvādhirai திருவாதிரை#arudra ఆరుద్ర#aridra ಆರಿದ್ರ#betelgeuse
7#punarvasu पुनर्वसु#puṇartam പുണർതം#punarpoosam புனர்பூசம்#punarvasu పునర్వసు#punarvasu ಪುನರ್ವಸು#castor and pollux
8#puṣya पुष्य#pūyam പൂയം#poosam பூசம்#puṣyami పుష్యమి#puṣya ಪುಷ್ಯ#γ , δ and θ cancri
9#aśleṣā आश्ळेषा / आश्लेषा#āyilyam ആയില്യം#ayilyam ஆயில்யம்#aśleṣa ఆశ్లేష#aśleṣa ಆಶ್ಲೇಷ#δ , ε , η , ρ , and σ hydrae
10#maghā मघा#makam മകം#magam மகம்#makha or magha మఖ or మాఘ#makha ಮಖ#regulus
11#pūrva or pūrva phalguṇī पूर्व फाल्गुनी#pūram പൂരം#pooram பூரம்#pūrva phalguṇī or pubba పూర్వా ఫల్గుణి or పుబ్బ#pubba ಪುಬ್ಬ#δ and θ leonis
12#uttara or uttara phalguṇī उत्तर फाल्गुनी#utram ഉത്രം#uthiram உத்திரம்#uttara phalguṇi or uttara ఉత్తర ఫల్గుణి or ఉత్తర#utthara ಉತ್ತರ#denebola
13#hasta हस्त#attam അത്തം#astham அஸ்தம்#hasta హస్త#hasta ಹಸ್ತ#α , β , γ , δ and ε corvi
14#citrā चित्रा#chittira (chitra) ചിത്തിര (ചിത്ര)#chithirai சித்திரை#cittā or citrā చిత్తా or చిత్రా#citta ಚಿತ್ತ#spica
15#svāti स्वाति#chōti ചോതി#swathi சுவாதி#svāti స్వాతి#svāti ಸ್ವಾತಿ#arcturus
16#viśākha विशाखा#vishākham വിശാഖം#visakam விசாகம்#viśākha విశాఖ#viśākhe ವಿಶಾಖೆ#α , β , γ and ι librae
17#anurādhā अनुराधा#anizham അനിഴം#anusham அனுஷம்#anurādhā అనూరాధ#anurādhā ಅನುರಾಧ#β , δ and π scorpionis
18#jyeṣṭha ज्येष्ठा#kēṭṭa (trikkēṭṭa) കേട്ട (തൃക്കേട്ട)#kettai கேட்டை#jyeṣṭha జ్యేష్ఠ#jyeṣṭha ಜ್ಯೇಷ್ಠ#α , σ , and τ scorpionis
19#mūla मूल / मूळ#mūlam മൂലം#mūlam மூலம்#mūla మూల#mūla ಮೂಲ#ε , ζ , η , θ , ι , κ , λ , μ and ν scorpionis
20#pūrvāṣāḍha पूर्वाषाढा#pūrāṭam പൂരാടം#pūradam பூராடம்#pūrvāṣāḍha పూర్వాషాఢ#pūrvāṣāḍha ಪೂರ್ವಾಷಾಢ#δ and ε sagittarii
21#uttarāṣāḍha उत्तराषाढा#utrāṭam ഉത്രാടം#uthirādam உத்திராடம்#uttarāṣāḍha ఉత్తరాషాఢ#uttarāṣāḍha ಉತ್ತರಾಷಾಢ#ζ and σ sagittarii
22#śravaṇa श्रवण#tiruvōnam ഓണം (തിരുവോണം)#tiruvōnam திருவோணம்#śravaṇaṁ శ్రవణం#śravaṇa ಶ್ರವಣ#α , β and γ aquilae
23#śraviṣṭhā or dhaniṣṭha श्रविष्ठा or धनिष्ठा#aviṭṭam അവിട്ടം#aviṭṭam அவிட்டம்#dhaniṣṭha ధనిష్ఠ#dhaniṣṭha ಧನಿಷ್ಠ#α to δ delphinus
24#śatabhiṣak or śatatārakā शतभिषक् / शततारका#chatayam ചതയം#sadayam சதயம்#śatabhiṣaṁ శతభిషం#śatabhiṣa ಶತಭಿಷ#γ aquarii
25#pūrva bhādrapadā पूर्वभाद्रपदा / पूर्वप्रोष्ठपदा#pūruruṭṭāti പൂരുരുട്ടാതി#pūraṭṭādhi பூரட்டாதி#pūrvābhādra పూర్వాభాద్ర#pūrvābhādra ಪೂರ್ವಾ ಭಾದ್ರ#α and β pegasi
26#uttara bhādrapadā उत्तरभाद्रपदा / उत्तरप्रोष्ठपदा#uttṛṭṭāti ഉത്രട്ടാതി#uttṛṭṭādhi உத்திரட்டாதி#uttarābhādra ఉత్తరాభాద్ర#uttarābhādra ಉತ್ತರಾ ಭಾದ್ರ#γ pegasi and α andromedae
